Brand,Product,Price
Diesel,Cotton Sport Shirt,178
Z Zegna,Drop 8 Turati Suit,1698
Eton,Slim Fit Dress Shirt,290
Ermenegildo Zegna,Milano Suit,3295
Eton,Contemporary Fit Dress Shirt,280
Eton,Slim Fit Dress Shirt,280
Thom Browne,Cotton Shirt,590
Ermenegildo Zegna,Milano Suit,3495
Ermenegildo Zegna,Torino Multi-Season Suit,3295
Eton,Slim Fit Dress Shirt,290
Paul & Shark,Printed Cotton & Wool Blend Shirt,295
Moncler,Rodez Down Jacket,1430
Ermenegildo Zegna,Long-Sleeve Cotton Polo,475
Brunello Cucinelli,Wool Blend Sweater,1145
Brunello Cucinelli,Long-Sleeve Cashmere Blend Polo,1175
Brunello Cucinelli,Waterproof Down Vest,3025
Ermenegildo Zegna,Cotton Blend Zip-Up Sweater,875
Ermenegildo Zegna,Cotton Blend Zip-Up Sweater,875
Brunello Cucinelli,Waterproof Down Vest,1775
Brunello Cucinelli,Long-Sleeve Cashmere Blend Polo,1175
Brunello Cucinelli,Waterproof Down Coat,3895
Giorgio Armani,V-Neck T-Shirt,375
Paul & Shark,Crew Neck Wool Sweater,395
Paul & Shark,Cashmere & Wool Blend Sweater,495
Giorgio Armani,V-Neck T-Shirt,375
Z Zegna,Drop 8 Turati Suit,1698
Giorgio Armani,Upton Unstructured Sports Jacket,3395
Ermenegildo Zegna,Couture Suit,6185
Ermenegildo Zegna,Torino Trofeo Suit,3495
Ermenegildo Zegna,Milano Suit,3295
Ermenegildo Zegna,Milano Easy Sports Jacket,2995
Z Zegna,Drop 8 Turati Suit,1598
Z Zegna,Drop 8 Turati Suit,1598
Z Zegna,Drop 8 Turati Suit,1498
Z Zegna,Drop 8 Turati Suit,1498
Z Zegna,Drop 8 Turati Suit,1598
Z Zegna,Drop 8 Suit,1498
Brunello Cucinelli,Wool & Cashmere Bomber Jacket,5395
Z Zegna,Drop 8 Suit,1498
Brunello Cucinelli,Waterproof Down Vest,1775
Brunello Cucinelli,Long-Sleeve Virgin Wool Blend Polo,1175
Loro Piana,Zip-Up Cashmere Sweater,3880
Loro Piana,Printed Cotton Shirt,680
Loro Piana,Storm System Vest,1540
Loro Piana,Storm System Vest,1540
Loro Piana,Zip-Up Cashmere & Silk Blend Sweater,2600
Diesel,Krooley JoggJeans,498
Loro Piana,Cashmere Sweater,2140
Loro Piana,Slim Fit Jeans,780
Loro Piana,Slim Fit Jeans,780
Brunello Cucinelli,Skinny Fit Jeans,675
Loro Piana,Slim Fit Jeans,780
Loro Piana,Zip-Up Cashmere & Silk Blend Sweater,2600
Ermenegildo Zegna,Half-Zip Cashmere & Silk Sweater,2150
Loro Piana,Slim Fit Pants,780
Loro Piana,Virgin Wool & Silk Blend Vest,2880
Versace Collection,Drawstring Joggers,395
Thom Browne,Down-Filled Jacket,3650
Versace Collection,Slim Fit Jeans,395
Loro Piana,Unstructured Sports Jacket,4330
Loro Piana,Unstructured Sports Jacket,4330
Loro Piana,Cashmere Blend Coat,19310
